{
    "$schema": "https://schema.management.azure.com/schemas/0.1.2-preview/CreateUIDefinition.MultiVm.json#",
    "handler": "Microsoft.Compute.MultiVm",
    "version": "0.1.2-preview",
    "parameters": {
        "basics": [
            {
                "name": "orgName",
                "type": "Microsoft.Common.TextBox",
                "label": "Organization Name",
                "toolTip": "The name of your organization",
                "constraints": {
                    "required": true
                }
            }
        ],
        "steps": [
            {
                "name": "AadAppRegistration",
                "label": "Azure AD App Registration",
                "subLabel": {
                    "preValidation": "Provide properties of the Azure AD App Registrations",
                    "postValidation": "Done"
                },
                "bladeTitle": "Azure AD App Registration",
                "bladeSubtitle": "Please configure an app registration in Azure AD before deploying.",
                "elements": [
                    {
                        "name": "Guid",
                        "label": "Azure AD App Registration GUID",
                        "type": "Microsoft.Common.TextBox",
                        "toolTip": "You find the GUID in the overview of your app registration",
                        "visible": true,
                        "constraints": {
                            "required": true,
                            "regex": "^[a-z0-9A-Z-]{36,36}$",
                            "validationMessage": "The GUID must be 36 characters long."
                        }
                    },
                    {
                        "name": "Secret",
                        "label": "Azure AD App Registration Secret",
                        "type": "Microsoft.Common.TextBox",
                        "toolTip": "Create a client secret in your Azure AD app registration and paste it here.",
                        "visible": true,
                        "constraints": {
                            "required": true
                        }
                    }
                ]
            }
        ],
        "outputs": {
            "OrgName": "[basics('orgName')]",
            "appRegistrationGuid": "[steps('AadAppRegistration').Guid]",
            "appRegistrationKey": "[steps('AadAppRegistration').Secret]",
            "location": "[location()]"
        }
    }
}